seller_id,purchase_year,delayed_count,non_delayed_count,seller_zip_code_prefix,seller_city,seller_state
001cca7ae9ae17fb1caed9dfb1094831,2017,10,160,29156,cariacica,ES
002100f778ceb8431b7a1020ff7ab48f,2017,6,31,14405,franca,SP
004c9cd9d87a3c30c522c48c4fc07416,2017,8,122,14940,ibitinga,SP
00ee68308b45bc5e2660cd833c3f81cc,2017,2,39,3333,sao paulo,SP
013900e863eace745d3ec7614cab5b1a,2017,0,10,80740,curitiba,PR
01fdefa7697d26ad920e9e0346d4bd1b,2017,2,62,86050,londrina,PR
0241d4d5d36f10f80c644447315af0bd,2017,1,24,80330,curitiba,PR
02f5837340d7eb4f653d676c7256523a,2017,0,12,80620,curitiba,PR
048c2757535328e0d7dac690ad3c0aae,2017,2,22,14406,franca,SP
0509040ea3fe50071181bbc359eb7738,2017,3,51,31710,belo horizonte,MG
058fd0aa2bfdb2274e05e1ae971dabb6,2017,2,33,9020,santo andre,SP
05d2173d43ea568aa0540eba70d2ca76,2017,0,12,37135,alfenas,MG
05ff92fedb5be47920fea08e501238b9,2017,2,36,98803,santo angelo,RS
06579cb253ecd5a3a12a9e6eb6bf8f47,2017,3,28,4007,sao paulo - sp,SP
066a6914e1ebf3ea95a216c73a986b91,2017,1,38,85863,foz do iguacu,PR
06e5eefc71ec47ae763c5c6f8db7064f,2017,0,20,91350,porto alegre,RS
080102cd0a76b09e0dcf55fcacc60e05,2017,0,18,31140,belo horizonte,MG
080199a181c46c657dc5aa235411be3b,2017,1,23,6097,osasco,SP
0adac9fbd9a2b63cccaac4f8756c1ca8,2017,2,62,13290,louveira,SP
0b90b6df587eb83608a64ea8b390cf07,2017,0,12,87025,maringa,PR
0bae85eb84b9fb3bd773911e89288d54,2017,0,76,88301,itajai,SP
0bb738e4d789e63e2267697c42d35a2d,2017,0,15,18130,sao roque,SP
0be8ff43f22e456b4e0371b2245e4d01,2017,0,54,4461,sao paulo,SP
0bf0150d5b9d60d9cd2906003332f085,2017,6,23,1547,sao paulo,SP
0c7533c71df861ec58ad7ff999ed0e8d,2017,1,27,13270,valinhos,SP
0c8380b62e38e8a1e6adbeba7eb9688c,2017,8,136,37410,tres coracoes,MG
0cbcee27c791afa0cdcb08587a2013a8,2017,0,16,37410,tres coracoes,MG
0db783cfcd3b73998abc6e10e59a102f,2017,4,93,11010,santos,SP
0df3984f9dfb3d49ac6366acbd3bbb85,2017,0,36,32604,betim,MG
0ea22c1cfbdc755f86b9b54b39c16043,2017,1,159,35700,sete lagoas,MG
0ebd97a106433a45a4aebe57c1799778,2017,0,14,32240,contagem,MG
0ef83d7d83ed97cd2a0049ac8be5f88a,2017,0,10,80230,curitiba,PR
1025f0e2d44d7041d6cf58b6550e0bfa,2017,34,197,3204,sao paulo,SP
1127b7f2594683f2510f1c2c834a486b,2017,2,77,13087,campinas,SP
11305281b50fff20ae8bb473f8e11876,2017,1,17,36500,uba,MG
113e3a788b935f48aad63e1c41dac1bd,2017,0,17,12570,aparecida,SP
116ccb1a1604bc88e4d234a8c23f33de,2017,0,16,9850,sao bernardo do campo,SP
11bfa66332777660bd0640ee84d47006,2017,3,20,14085,ribeirao preto,SP
128639473a139ac0f3e5f5ade55873a5,2017,9,216,87050,maringa,PR
12b9676b00f60f3b700e83af21824c0e,2017,1,92,95780,montenegro,RS
1336efc61c316ddf92c899eb817f7cae,2017,2,36,19800,assis,SP
1464afc72f696af775557a821c2e253f,2017,0,16,28630,nova friburgo,RJ
14d7985702e72162bbf13b6beb74ab2b,2017,3,15,9131,santo andre,SP
1554a68530182680ad5c8b042c3ab563,2017,13,141,37580,monte siao,MG
15aac934c58d886785ac1b17953ea898,2017,2,9,29480,muqui,ES
16090f2ca825584b5a147ab24aa30c86,2017,7,71,12940,atibaia,SP
165fc07beebdcb6190fba8a06db2a449,2017,1,29,87015,maringa,PR
17a053fcb14bd219540cbde0df490be0,2017,2,32,13843,mogi guacu,SP
17ca9b9e9b9ef8fdb529001b49ebb50f,2017,1,37,32677,betim,MG
17e34d8224d27a541263c4c64b11a56b,2017,11,150,14085,riberao preto,SP
17f51e7198701186712e53a39c564617,2017,4,36,3908,sao paulo,SP
1835b56ce799e6a4dc4eddc053f04066,2017,19,101,14940,ibitinga,SP
1838dd9b8977065acf51d95e0053ea7a,2017,2,17,30882,belo horizonte,MG
18a349e75d307f4b4cc646a691ed4216,2017,2,12,1319,sao paulo,SP
1900267e848ceeba8fa32d80c1a5f5a8,2017,15,110,14940,ibitinga,SP
1a3df491d1c4f1589fc2b934ada68bf2,2017,3,109,89224,joinville,SC
1b4c3a6f53068f0b6944d2d005c9fc89,2017,4,64,88730,sao ludgero,SC
1b938a7ec6ac5061a66a3766e0e75f90,2017,1,14,16304,penapolis,SP
1bb2bdb95f4841f1bba2c0d2cd83d3c9,2017,3,15,1257,sao paulo,SP
1c129092bf23f28a5930387c980c0dfc,2017,7,73,2972,sao paulo,SP
1c68394e931a64f90ea236c5ea590300,2017,0,47,87114,sarandi,PR
1ca7077d890b907f89be8c954a02686a,2017,9,42,6506,santana de parnaiba,SP
1caf283236cd69af44cbc09a0a1e7d32,2017,2,19,26020,nova iguacu,RJ
1ce3ae5a399804d1a87e706f8a813c3e,2017,1,12,88715,jaguaruna,SC
1d8dbc4f32378d715c717c1c1fc57bae,2017,4,51,86706,arapongas,PR
1da3aeb70d7989d1e6d9b0e887f97c23,2017,4,113,4265,sao paulo,SP
1eade46fba20122dc4aefb379f8c636b,2017,2,14,2066,sao paulo,SP
1f1bb1f0859883505541bdd6606193e5,2017,1,14,2124,sao paulo,SP
1f50f920176fa81dab994f9023523100,2017,83,686,15025,sao jose do rio preto,SP
1f9ab4708f3056ede07124aad39a2554,2017,0,29,17602,tupa,SP
2089a6d640999f9b9141ac719b2af596,2017,4,16,13566,sao carlos,SP
20d83f3ef0e6925fd74bfd59170babf7,2017,1,18,2804,sao paulo,SP
2138ccb85b11a4ec1e37afbd1c8eda1f,2017,14,268,8250,sao paulo,SP
2156f2671501a81034d7d07f217609d0,2017,0,9,4776,sp,SP
218d46b86c1881d022bce9c68a7d4b15,2017,9,174,14070,ribeirao preto,SP
229c3efbfb0ea2058de4ccdfbc3d784a,2017,2,89,30190,belo horizonte,MG
232a6014e7b10cba61c6c2b2ea6bb4b0,2017,0,15,16500,cafelandia,SP
23613d49c3ac2bd302259e55c06c050c,2017,5,29,13660,porto ferreira,SP
23d7c96d4a1160db1c726b248601b25a,2017,3,17,13360,capivari,SP
2528513dd95219a6013d4d05176e391a,2017,4,58,6060,osasco,SP
259f7b5e6e482c230e5bfaa670b6bb8f,2017,1,56,8550,poa,SP
25c5c91f63607446a97b143d2d535d31,2017,9,109,35680,itauna,MG
25cf099de44674fde97473224f9d59ab,2017,0,20,6716,cotia,SP
25e6ffe976bd75618accfe16cefcbd0d,2017,5,73,5503,sao paulo,SP
26d8a1c7c75d513045798992ead43aa2,2017,0,13,86800,apucarana,PR
2745f798279e0ed033addcc1474776d7,2017,2,15,3106,sao paulo,SP
282f23a9769b2690c5dda22e316f9941,2017,1,34,31573,belo horizonte,MG
2a5b78b41cd05baeac8df54c6606b92c,2017,0,10,35570,formiga,MG
2a6fbeaa7ab9e5d59a35841a8da71ce4,2017,1,10,89259,jaragua do sul,SC
2a7dc43cecabf23403078e2188437d1d,2017,1,19,4142,sao paulo,SP
2b3e4a2a3ea8e01938cabda2a3e5cc79,2017,0,34,4733,sao paulo,SP
2bf6a2c1e71bbd29a4ad64e6d3c3629f,2017,1,10,28615,nova friburgo,RJ
2c9e548be18521d1c43cde1c582c6de8,2017,3,24,8752,mogi das cruzes,SP
2d50d6282f8aa2257819a77bfaa0efe0,2017,1,21,14940,ibitinga,SP
2e1c9f22be269ef4643f826c9e650a52,2017,3,76,4850,sao paulo,SP
2e90cb1677d35cfe24eef47d441b7c87,2017,4,38,2285,sao paulo,SP
3078096983cf766a32a06257648502d1,2017,1,37,13720,scao jose do rio pardo,SP
30a2f535bb48308f991d0b9ad4a8c4bb,2017,1,38,13457,santa barbara d'oeste,SP
31344c16881c08a8a72c6d2eb29918c1,2017,0,19,36500,uba,MG
318f287a62ab7ac10b703ac37435a231,2017,2,24,4773,sao paulo,SP
33576ec5412fb5905d876f12f33bfde6,2017,0,21,80040,curitiba,PR
3361277dc30b7cccdb0c286b24219756,2017,1,15,87015,maringa,PR
33ac3e28642ab8bda860a2f693000e78,2017,0,20,6717,cotia,SP
34d1ca11b242c0fee2c834ae8d788566,2017,0,26,36415,congonhas,MG
3586b8580d9c917874e053a1bb37b5ff,2017,0,22,14802,araraquara,SP
36a968b544695394e4e9d7572688598f,2017,6,81,11010,santos,SP
37515688008a7a40ac93e3b2e4ab203f,2017,16,158,17900,dracena,SP
376a891762bbdecbc02b4b6adec3fdda,2017,1,34,74323,goiania,GO
381c83fdca332ea6afd896da20bf6e4a,2017,2,18,80010,curitiba,PR
391fc6631aebcf3004804e51b40bcf1e,2017,23,241,14940,ibitinga,SP
3b15288545f8928d3e65a8f949a28291,2017,2,65,14940,ibitinga,SP
3bb548e3cb7f70f28e3f11ee9dce0e59,2017,0,25,87040,maringa,PR
3bdff180c7e1f6551a643b99c265a120,2017,1,40,4811,sao paulo,SP
3be634553519fb6536a03e1358e9fdc7,2017,0,37,8275,sao paulo,SP
3c4e0452bff7a2a788179488d3d77032,2017,1,13,83408,colombo,PR
3c7c4a49ec3c6550809089c6a2ca9370,2017,4,58,3804,sao paulo,SP
3d871de0142ce09b7081e2b9d1733cb1,2017,38,569,13232,campo limpo paulista,SP
3db66a856d18a9cba7c9241fc5221c50,2017,6,52,35430,ponte nova,MG
3df020b72d3d44b3af9d110fa3940b65,2017,4,21,15704,jales,SP
3f995f07c49d0d55a99d5c54957f7d81,2017,0,33,6853,itapecerica da serra,SP
40d54b51e962dbe09cabbcfd33298dee,2017,0,10,9230,santo andre,SP
41b39e28db005d9731d9d485a83b4c38,2017,7,138,9220,santo andre,SP
431af27f296bc6519d890aa5a05fdb11,2017,11,73,14110,ribeirao preto,SP
4371b634e0efc0e22b09b52907d9d469,2017,3,32,2028,sao paulo,SP
44073f8b7e41514de3b7815dd0237f4f,2017,4,118,71070,brasilia,DF
440dd6ab244315c632130ecfb63827b1,2017,4,54,15502,votuporanga,SP
4559697a8f7e637227c2eeaed843baff,2017,1,11,19029,presidente prudente,SP
46dc3b2cc0980fb8ec44634e21d2718e,2017,29,397,22240,rio de janeiro,RJ
48162d548f5b1b11b9d29d1e01f75a61,2017,1,44,13403,piracicaba,SP
4830e40640734fc1c52cd21127c341d4,2017,4,41,3573,sao paulo,SP
48436dade18ac8b2bce089ec2a041202,2017,8,113,27277,volta redonda,SP
4869f7a5dfa277a7dca6462dcf3b52b2,2017,42,362,14840,guariba,SP
4992e76a42cb3aad7a7047e0d3d7e729,2017,0,25,3334,sao paulo,SP
4a3ca9315b744ce9f8e9374361493884,2017,102,935,14940,ibitinga,SP
4a3ccda38b2129705f3fb522db62ca31,2017,3,28,17504,marilia,SP
4aba391bc3b88717ce08eb11e44937b2,2017,2,14,45816,arraial d'ajuda (porto seguro),BA
4b9750c8ad28220fe6702d4ecb7c898f,2017,2,19,13484,limeira,SP
4c2b230173bb36f9b240f2b8ac11786e,2017,10,137,3933,sao paulo,SP
4d6d651bd7684af3fffabd5f08d12e5a,2017,6,124,17209,jau,SP
4da0e408c99d2fdc2126dc9fce518060,2017,0,26,86300,cornelio procopio,PR
4e06067cc08b3f41d837768d392c3ee3,2017,0,13,32604,betim,MG
4e17c65a516f69d023a2ae78b84f28d6,2017,2,25,8673,suzano,SP
4e7c18b98d84e05cbae3ff0ff03846c2,2017,2,58,14882,jaboticabal,SP
4e922959ae960d389249c378d1c939f5,2017,19,241,12327,jacarei,SP
4ebdc7e6cd6102a022dadc49156d4ea8,2017,1,17,5030,sao paulo,SP
5058e8c1e82653974541e83690655b4a,2017,2,17,8583,itaquaquecetuba,SP
50c9975695009e5e6473912e83a6d1da,2017,4,29,35530,claudio,MG
522620dcb18a6b31cd7bdf73665113a9,2017,8,67,85801,cascavel,PR
527801b552d0077ffd170872eb49683b,2017,5,22,17400,garca,SP
530ec6109d11eaaf87999465c6afee01,2017,0,16,85807,cascavel,PR
53243585a1d6dc2643021fd1853d8905,2017,8,230,42738,lauro de freitas,BA
537eb890efff034a88679788b647c564,2017,1,52,20270,rio de janeiro,RJ
53e4c6e0f4312d4d2107a8c9cddf45cd,2017,11,207,13920,pedreira,SP
54965bbe3e4f07ae045b90b0b8541f52,2017,22,23,85851,foz do iguacu,PR
54a1852d1b8f10312c55e906355666ee,2017,4,77,13456,santa barbara d'oeste,SP
55d3daac7c404d59e51c2aa2f4dc5a23,2017,0,10,2150,sao paulo,SP
5656537e588803a555b8eb41f07a944b,2017,1,41,72015,brasilia,DF
56642bcb79900e777d68e91915cb4267,2017,1,28,3701,sao paulo,SP
57c764b4a836300be881e2ff86e449f9,2017,1,15,14021,ribeirao preto,SP
57e632711dec9ec14ca7546769483e7e,2017,0,37,88372,navegantes,SC
582d4f8675b945722eda7c0cb61ba4c7,2017,1,34,11250,bertioga,SP
59b22a78efb79a4797979612b885db36,2017,5,47,38414,uberlandia,MG
59fb871bf6f4522a87ba567b42dafecf,2017,5,101,3655,sao paulo,SP
5a8e7d5003a1f221f9e1d6e411de7c23,2017,4,73,13076,campinas,SP
5a93f3ab0ef4c84ed5e1b5dbf23978bc,2017,0,24,12250,monteiro lobato,SP
5b67882648febfb6e1225e6ad7164f6b,2017,0,14,87502,umuarama,PR
5b8154610ebb21fb90eb587365e673df,2017,0,14,12246,sao jose dos campos,SP
5b925e1d006e9476d738aa200751b73b,2017,0,26,4567,sao paulo,SP
5c6d4016c2a288f074fa0848a2b653d2,2017,0,10,1209,sao paulo,SP
5cbbd5a299cab112b7bf23862255e43e,2017,0,10,83324,pinhais,PR
5cf13accae3222c70a9cac40818ae839,2017,1,45,38700,patos de minas,MG
5d0363b33554b373851fc1622e4d5f3c,2017,0,12,12952,atibaia,SP
5d3bb11474a06bdc23fb9e89f1164ee0,2017,0,14,19804,assis,SP
5dceca129747e92ff8ef7a997dc4f8ca,2017,14,223,13450,santa barbara dÂ´oeste,SP
5debea795b07621e1f90532e18f96145,2017,0,11,86800,apucarana,PR
5f1dc28029d2c244352a68107ec2b542,2017,4,35,5126,sao paulo,SP
5f2684dab12e59f83bef73ae57724e45,2017,3,43,5125,sao paulo,SP
602044f2c16190c2c6e45eb35c2e21cb,2017,0,14,14940,ibitinga,SP
6039e27294dc75811c0d8a39069f52c0,2017,3,22,6162,osasco,SP
620c87c171fb2a6dd6e8bb4dec959fc6,2017,18,319,25645,petropolis,RJ
624f4ece8da4aafb77699233d480f8ef,2017,1,19,5138,sao paulo,SP
6288c69c4ce638e59925e59193f98b16,2017,0,10,9010,santo andre,SP
634964b17796e64304cadf1ad3050fb7,2017,2,22,21840,rio de janeiro,RJ
643214e62b870443ccbe55ab29a4dccf,2017,0,17,2134,sao paulo,SP
6560211a19b47992c3666cc44a7e94c0,2017,46,777,5849,sao paulo,SP
66922902710d126a0e7d26b0e3805106,2017,4,57,31842,belo horizonte,MG
669ae81880e08f269a64487cfb287169,2017,4,96,89160,rio do sul,SC
66dc1b1632bd6a3e508510c5b3492107,2017,0,11,17210,jau,SP
670c26e0f1bf8d0576271d5cfaec6d2b,2017,1,12,87025,maringa,PR
6a0cbc8af2e8abd1bdfb777943d174c6,2017,3,20,14312,batatais,SP
6a8b085f816a1f75f92dbac6eb545f8f,2017,3,43,14709,bebedouro,SP
6b243f80ed07b10f0e8aa0f21a205f3c,2017,1,21,81825,curitiba,PR
6c177e38df6d3f34182b1f1d427231bf,2017,2,40,80430,curitiba,PR
6c7d50c24b3ccd2fd83b44d8bb34e073,2017,1,70,19025,presidente prudente,SP
6cd68b3ed6d59aaa9fece558ad360c0a,2017,2,110,31255,belo horizonte,MG
6d66611d7c44cc30ce351abc49a68421,2017,2,67,4378,sao paulo,SP
6d803cb79cc31c41c4c789a75933b3c7,2017,1,23,14600,sao joaquim da barra,SP
6ec1a01e866584bb679eb9b098345919,2017,4,12,11040,santos,SP
6edacfd9f9074789dad6d62ba7950b9c,2017,4,136,7135,guarulhos,SP
6fc26fe110feebd80a433e1f012a84f9,2017,1,20,15601,fernandopolis,SP
6fd52c528dcb38be2eea044946b811f8,2017,0,33,8180,sao paulo,SP
7008613ea464bad5cb9b83456e1e6a8f,2017,3,78,89460,canoinhas,SC
7040e82f899a04d1b434b795a43b4617,2017,10,76,1026,sao paulo,SP
709e16e2b25c7474d980076c6bfc4806,2017,0,13,16200,birigui,SP
70a12e78e608ac31179aea7f8422044b,2017,17,200,12327,jacarei,SP
70eea00b476a314817cefde4aad4f89a,2017,4,39,13250,itatiba,SP
71039d19d4303bf9054d69e9a9236699,2017,2,17,3018,sao paulo,SP
710e3548e02bc1d2831dfc4f1b5b14d4,2017,5,57,86600,rolandia,PR
712e6ed8aa4aa1fa65dab41fed5737e4,2017,14,37,89560,videira,SC
7142540dd4c91e2237acb7e911c4eba2,2017,9,143,16301,penapolis,SP
715bbd5ba4e6b74cb0d2f29eb45058b0,2017,0,13,13930,serra negra,SP
7178f9f4dd81dcef02f62acdf8151e01,2017,5,126,89560,videira,SC
7202e2ba20579a9bd1acb29e61fe71f6,2017,0,17,14401,franca,SP
725c32fa80c2faacc4fc88450d27314e,2017,1,67,3320,sao paulo,SP
7299e27ed73d2ad986de7f7c77d919fa,2017,7,195,38440,araguari,MG
729f06993dac8e860d4f02d7088ca48a,2017,1,46,13481,limeira,SP
73a63f72308aa20a46f4b1632018f196,2017,0,12,82510,curitiba,PR
744dac408745240a2c2528fb1b6028f3,2017,0,49,83408,colombo,PR
751bdc4d83a466c7206cd42e8f426b03,2017,1,22,9405,ribeirao pires,SP
76d5af76d0271110f9af36c92573f765,2017,9,66,3194,sao paulo,SP
76d64c4aca3a7baf218bf93ef7fa768d,2017,2,24,80215,curitiba,PR
7722b1df1b0e383e000397b2c11e3e19,2017,3,89,9715,sao bernardo do campo,SP
77530e9772f57a62c906e1c21538ab82,2017,21,110,80310,curitiba,PR
7901646fdd36a55f564ffaf2dbccaaf7,2017,0,11,20021,rio de janeiro,RJ
79ebd9a61bac3eaf882805ed4ecfa12a,2017,1,23,85802,cascavel,PR
7a241947449cc45dbfda4f9d0798d9d0,2017,4,25,37590,jacutinga,MG
7a67c85e85bb2ce8582c35f2203ad736,2017,31,737,3426,sao paulo,SP
7b07b3c7487f0ea825fc6df75abd658b,2017,2,59,2016,sao paulo,SP
7c67e1448b00f6e969d365cea6b010ab,2017,55,438,8577,itaquaquecetuba,SP
7d76b645482be4a332374e8223836592,2017,11,79,1511,sao paulo,SP
7dc8c42cc750eeafea6c85712ffee9bf,2017,1,18,5424,sao paulo,SP
7ddcbb64b5bc1ef36ca8c151f6ec77df,2017,18,214,4403,sao paulo,SP
7e1fb0a3ebfb01ffb3a7dae98bf3238d,2017,7,60,14403,franca,SP
7e3f87d16fb353f408d467e74fbd8014,2017,3,25,4809,sao paulo,SP
7e93a43ef30c4f03f38b393420bc753a,2017,16,248,6429,barueri,SP
7ea5bfa6c340f58f8e71fc1f0412b0d6,2017,2,14,30180,belo horizonte,MG
80e6699fe29150b372a0c8a1ebf7dcc8,2017,3,71,83323,pinhais,PR
813348c996469b40f2e028d5429d3495,2017,9,136,13206,jundiai,SP
8160255418d5aaa7dbdc9f4c64ebda44,2017,32,69,14940,ibitinga,SP
81a1104df0f08b59c68aa5b03cfe398e,2017,1,30,83020,sao jose dos pinhais,PR
822166ed1e47908f7cfb49946d03c726,2017,0,40,25803,tres rios,RJ
834f8533b2ecb6598dd004ff3de7203a,2017,2,17,5181,sao paulo,SP
83deb69e889cf80f82be1dc6d5f2d486,2017,1,11,88056,florianopolis,SC
8444e55c1f13cd5c179851e5ca5ebd00,2017,5,61,37584,congonhal,MG
850f4f8af5ea87287ac68de36e29107f,2017,6,117,4367,sao paulo,SP
855668e0971d4dfd7bef1b6a4133b41b,2017,22,159,13257,itatiba,SP
8581055ce74af1daba164fdbd55a40de,2017,20,245,7112,guarulhos,SP
85d9eb9ddc5d00ca9336a2219c97bb13,2017,7,274,31255,belo horizonte,MG
8648b1e89e9b349e32d3741b30ec737e,2017,1,13,12308,jacarei,SP
86ccac0b835037332a596a33b6949ee1,2017,3,138,89041,blumenau,SC
870d0118f7a9d85960f29ad89d5d989a,2017,2,29,37708,pocos de caldas,MG
87142160b41353c4e5fca2360caf6f92,2017,7,194,90230,porto alegre,RS
88460e8ebdecbfecb5f9601833981930,2017,3,10,87030,maringa,PR
891071be6ba827b591264c90c2ae8a63,2017,8,31,3872,sao paulo,SP
8931a84a914b3fe9b1ddaa4d704947ca,2017,1,17,8410,sao paulo,SP
897060da8b9a21f655304d50fd935913,2017,12,161,14092,ribeirao preto,SP
8ae520247981aa06bc94abddf5f46d34,2017,0,15,88370,navegantes,SC
8b28d096634035667e8263d57ba3368c,2017,5,89,12243,sao jose dos campos,SP
8b321bb669392f5163d04c59e235e066,2017,18,136,1212,sao paulo,SP
8bb48dc19fccaa8613b6229bf7f452a2,2017,0,20,19803,assis,SP
8bd0f31cf0a614c658f6763bd02dea69,2017,1,20,1222,sao paulo,SP
8c16d1f32a54d92897cc437244442e1b,2017,1,49,89023,blumenau,SC
8cbac7e12637ed9cffa18c7875207478,2017,0,38,89254,jaragua do sul,SC
8f119a0aee85c0c8fc534629734e94fd,2017,2,46,6440,barueri,SP
8f2ce03f928b567e3d56181ae20ae952,2017,6,41,5141,pirituba,SP
900ba814c251a692506d7834c1218441,2017,6,26,13328,salto,SP
903037660cf848a717166eb7a06d616e,2017,2,15,5734,sao paulo,SP
92eb0f42c21942b6552362b9b114707d,2017,6,160,3504,sao paulo,SP
955fee9216a65b617aa5c0531780ce60,2017,9,169,4782,sao paulo,SP
95e03ca3d4146e4011985981aeb959b9,2017,4,109,21210,rio de janeiro,RJ
9616352088dcf83a7c06637f4ebf1c80,2017,0,80,87504,umuarama,PR
9646c3513289980f17226a2fc4720dbd,2017,2,58,12215,sao jose dos campos,SP
96493fab2fbb13a14d0c0e8772eef5c3,2017,2,41,5537,sao paulo,SP
9674754b5a0cb32b638cec001178f799,2017,0,50,4438,sao paulo,SP
96804ea39d96eb908e7c3afdb671bb9e,2017,1,25,38950,ibia,MG
972d0f9cf61b499a4812cf0bfa3ad3c4,2017,2,16,88359,brusque,SC
98dac6635aee4995d501a3972e047414,2017,6,34,2030,sao paulo,SP
994f04b3718c2bab35c2adfa8afecd2a,2017,1,14,13912,jaguariuna,SP
9add47bf45ce8e8c7db6b9cf670b1e09,2017,1,25,83830,fazenda rio grande,PR
9b00ed88b7fdb95d6ff76e27c1b52d16,2017,2,22,8215,sao paulo,SP
9b013e03b2ab786505a1d3b5c0756754,2017,4,28,11450,vicente de carvalho,SP
9baf5cb77970f539089d09a38bcec5c3,2017,0,17,13330,indaiatuba,SP
9c0e69c7bf2619675bbadf47b43f655a,2017,14,88,12230,sao jose dos campos,SP
9de4643a8dbde634fe55621059d92273,2017,2,59,89225,joinville,SC
9f505651f4a6abe901a56cdc21508025,2017,3,47,4102,sao paulo,SP
a1043bafd471dff536d0c462352beb48,2017,13,273,37175,ilicinea,MG
a2e874074c877c5a05abae80ad6e488f,2017,2,19,15070,sao jose do rio preto,SP
a3a38f4affed601eb87a97788c949667,2017,9,193,89204,joinville,SC
a3e9a2c700480d9bb01fba070ba80a0e,2017,4,47,14940,ibitinga,SP
a416b6a846a11724393025641d4edd5e,2017,10,72,3702,sao paulo,SP
a420f60ff1aa9acc80d0e42959f2b313,2017,0,12,5138,sao paulo,SP
a49928bcdf77c55c6d6e05e09a9b4ca5,2017,15,63,3017,sao paulo,SP
a673821011d0cec28146ea42f5ab767f,2017,8,53,3809,sao paulo,SP
a6fe7de3d16f6149ffe280349a8535a0,2017,2,20,14401,franca,SP
a938325a4b357fd23a6a4d5bb126408e,2017,0,10,26510,nilopolis,RJ
aac29b1b99776be73c3049939652091d,2017,6,58,38408,uberlandia,MG
aaed1309374718fdd995ee4c58c9dfcd,2017,3,83,89120,timbo,SC
aafe36600ce604f205b86b5084d3d767,2017,2,74,88115,sao jose,SC
aba1721a889e04decc910aa13b768ef4,2017,3,38,5729,sao paulo,SP
abcd2cb37d46c2c8fb1bf071c859fc5b,2017,0,15,78020,cuiaba,MT
abe42c5d03695b4257b5c6cbf4e6784e,2017,1,14,21235,rio de janeiro,RJ
ac3508719a1d8f5b7614b798f70af136,2017,1,70,92030,canoas,RS
aced59e9b31ef866a94f9e7f29d8d418,2017,0,36,3306,sao paulo,SP
ad420dd0c4f92f8af951ac24b86d0cf5,2017,2,15,38230,fronteira,MG
ad781527c93d00d89a11eecd9dcad7c1,2017,11,11,15015,sao jose do rio preto,SP
adbc26658d6c7b4b6219f9d934598091,2017,7,31,81770,curitiba,PR
b14db04aa7881970e83ffa9426897925,2017,7,41,18048,sorocaba,SP
b17b679f4f5ce2e03ce6968c62648246,2017,3,24,14090,ribeirao preto,SP
b1fc4f64df5a0e8b6913ab38803c57a9,2017,5,35,24440,sao goncalo,RJ
b2a6d334e2833acea353624840e25a0e,2017,0,12,4133,sao paulo,SP
b2ac621f0d0322434d04a12b078b9369,2017,0,10,80220,curitiba,PR
b2ba3715d723d245138f291a6fe42594,2017,18,192,3470,sao paulo,SP
b33e7c55446eabf8fe1a42d037ac7d6d,2017,10,69,14850,pradopolis,SP
b372ee768ed69e46ca8cdbd267aa7a38,2017,0,33,15013,sao jose do rio preto,SP
b499c00f28f4b7069ff6550af8c1348a,2017,7,39,13481,limeira,SP
b4ffb71f0cb1b1c3d63fad021ecf93e1,2017,1,63,3880,sao paulo,SP
b56906f7fd1696e043f1bcce164c487b,2017,0,16,19830,echapora,SP
b6d44737c043328708f6749c2dbe50bd,2017,0,20,9230,santo andre,SP
b76dba6c951ab00dc4edf0a1aa88037e,2017,1,108,3237,sao paulo,SP
b8bc237ba3788b23da09c0f1f3a3288c,2017,0,14,88303,itajai,SC
b92e3c8f9738272ff7c59e111e108d7c,2017,2,34,36502,uba,MG
b94cc9f10ddc85e4ba73a6f7974e7101,2017,1,22,27930,macae,RJ
bba74270a87732727b5a3b4fd9ac1c39,2017,0,17,32604,betim,MG
bbad7e518d7af88a0897397ffdca1979,2017,2,27,1512,sao paulo,SP
bccf933e006e9b94a6184af782963e77,2017,1,22,19806,assis,SP
bd0389da23d89b726abf911cccc54596,2017,2,30,71691,brasilia,DF
bd23da7354813347129d751591d1a6e2,2017,3,57,3971,sao paulo,SP
bd4889b5e9133b35b66e42a8665cea5c,2017,0,14,2963,sao paulo,SP
bd697db56ff8e7c9cd1abeb7f72029b2,2017,0,10,3533,sao paulo,SP
bfd27a966d91cfaafdb25d076585f0da,2017,4,68,13930,serra negra,SP
c003204e1ab016dfa150abc119207b24,2017,1,21,7790,cajamar,SP
c0563dd588b775f2e37747ef6ad6c92c,2017,1,16,9220,santo andre,SP
c3867b4666c7d76867627c2f7fb22e21,2017,3,140,14580,guara,SP
c3cfdc648177fdbbbb35635a37472c53,2017,4,177,80610,curitiba,PR
c68fb906c8f4b4b946d8386bfa6e5467,2017,0,28,14870,jaboticabal,SP
c6bda72e4dbf5c5866b13cb1810c6d03,2017,1,16,3087,sao paulo,SP
c826c40d7b19f62a09e2d7c5e7295ee2,2017,6,83,7133,guarulhos,SP
c8467937e403e76a8ee9f0ab13f6f5ef,2017,1,13,37704,pocos de caldas,MG
c864036feaab8c1659f65ea4faebe1da,2017,1,25,83605,campo largo,PR
c8b0e2b0a7095e5d8219575d5e7e1181,2017,2,21,8598,itaquaquecetuba,SP
c8b3445d737de6befde0c88ede534a5e,2017,0,15,5734,sao paulo,SP
c9c7905cffc4ef9ff9f113554423e671,2017,2,43,6871,itapecerica da serra,SP
ca3bd7cd9f149df75950150d010fe4a2,2017,0,40,4361,sao paulo,SP
cab85505710c7cb9b720bceb52b01cee,2017,0,94,2252,sao paulo,SP
cac4c8e7b1ca6252d8f20b2fc1a2e4af,2017,3,21,13347,indaiatuba,SP
cb3dd9ce66268c7a3ca7241ac70ab58c,2017,1,36,3028,sao paulo,SP
cb8bcce248bb1fb274ba762d8b971456,2017,1,44,37540,santa rita do sapucai,MG
cbd996ad3c1b7dc71fd0e5f5df9087e2,2017,5,69,15081,sao jose do rio preto,SP
cc3d14116804f7209f3884f6367f1152,2017,1,9,82940,curitiba,PR
cc419e0650a3c5ba77189a1882b7556a,2017,54,1118,9015,santo andre,SP
cca3071e3e9bb7d12640c9fbe2301306,2017,33,549,14940,ibitinga,SP
ccc4bbb5f32a6ab2b7066a4130f114e3,2017,6,90,80310,curitiba,PR
cd68562d3f44870c08922d380acae552,2017,15,81,14050,ribeirao preto,SP
ce248b21cb2adc36282ede306b7660e5,2017,4,19,89251,jaragua do sul,SC
ce27a3cc3c8cc1ea79d11e561e9bebb6,2017,1,94,3006,sao paulo,SP
ce7d1888639e6fb06b2749cbfdac1ff7,2017,0,20,37443,baependi,MG
cee48807215b30a12ca2ca10ffb5f250,2017,2,11,11431,guaruja,SP
cfb1a033743668a192316f3c6d1d2671,2017,10,83,18110,votorantim,SP
d05ae8f7a5bd1d2a690a44cd079e4e27,2017,3,35,22775,rio de janeiro,RJ
d12c926d74ceff0a90a21184466ce161,2017,1,54,2634,sao paulo,SP
d1c281d3ae149232351cd8c8cc885f0d,2017,12,132,14940,ibitinga,SP
d20b021d3efdf267a402c402a48ea64b,2017,6,40,14940,ibitinga,SP
d2374cbcbb3ca4ab1086534108cc3ab7,2017,9,280,14940,ibitinga,SP
d379f449f2a3b271bc01c0782020f705,2017,0,13,35500,divinopolis,MG
d57e18d5f73c7ccb7f7339b61166898d,2017,1,12,3613,sao paulo,SP
d673a59aac7a70d8b01e6902bf090a11,2017,0,13,14940,ibitinga,SP
d91fb3b7d041e83b64a00a3edfb37e4f,2017,10,145,11704,praia grande,SP
d94a40fd42351c259927028d163af842,2017,1,35,37443,baependi,MG
d98eec89afa3380e14463da2aabaea72,2017,0,110,90010,porto alegre,RS
da8622b14eb17ae2831f4ac5b9dab84a,2017,39,483,13405,piracicaba,SP
daeb5653dd96c1b11860f72209795012,2017,2,15,31310,belo horizonte,MG
db4350fd57ae30082dec7acbaacc17f9,2017,3,99,3126,sao paulo,SP
dbb9b48c841a0e39e21f98e1a6b2ec3e,2017,3,81,3929,sao paulo,SP
dbc22125167c298ef99da25668e1011f,2017,8,246,37564,borda da mata,MG
dbd66278cbfe1aa1000f90a217ca4695,2017,2,19,5588,sao paulo,SP
dc4a0fc896dc34b0d5bfec8438291c80,2017,11,170,14940,ibitinga,SP
dd55f1bb788714a40e7954c3be6df745,2017,4,12,1021,sao paulo,SP
dd7ddc04e1b6c2c614352b383efe2d36,2017,10,45,3471,sao paulo,SP
de23c3b98a88888289c6f5cc1209054a,2017,7,88,5530,sao paulo,SP
dee656f0f566ed1aa85bd137c943f08f,2017,0,32,12701,cruzeiro,SP
dfc5fb7259bb2b599ca565e6e9448f0f,2017,0,10,9780,sao bernardo do campo,SP
e067ad2c1c0b48758eb1b5228bcf7a68,2017,3,17,11045,santos,SP
e0a366315b1b726b6c7832d664c0f530,2017,0,13,2258,sao paulo,SP
e2aee0892199b1d92530e371abd825bf,2017,2,22,86600,rolandia,PR
e333046ce6517bd8bb510291d44f0130,2017,1,23,18950,ipaussu,SP
e59aa562b9f8076dd550fcddf0e73491,2017,1,14,82810,curitiba,PR
e5a3438891c0bfdb9394643f95273d8e,2017,18,90,13483,limeira,SP
e5a38146df062edaf55c38afa99e42dc,2017,1,50,1233,sao paulo,SP
e62b2d6ac10570a035a30bafcf01d263,2017,2,8,5767,sao paulo,SP
e63e8bfa530fb16910dd6956e592bb81,2017,1,17,7160,guarulhos,SP
e7df4cd29ab5abab70fb0783ddb53987,2017,1,11,4122,sao paulo,SP
e8b3a3a38279a82f0e5d006d5e5b7d2c,2017,2,42,87230,jussara,PR
e96498ed8daaa3e9c23f7a62da76591c,2017,2,10,5373,sao paulo,SP
e9779976487b77c6d4ac45f75ec7afe9,2017,12,209,11701,praia grande,SP
e9bc59e7b60fc3063eb2290deda4cced,2017,3,81,87083,maringa,PR
e9d99831abad74458942f21e16f33f92,2017,8,89,3542,sao paulo,SP
ea8482cd71df3c1969d7b9473ff13abc,2017,29,304,4160,sao paulo,SP
ebd2d60905fb58271facef5596b620d3,2017,2,59,18683,lencois paulista,SP
ec8879960bd2221d5c32f8e12f7da711,2017,1,17,13253,itatiba,SP
ececbfcff9804a2d6b40f589df8eef2b,2017,0,17,14407,franca,SP
ed4acab38528488b65a9a9c603ff024a,2017,1,14,8260,sao paulo,SP
edb1ef5e36e0c8cd84eb3c9b003e486d,2017,1,38,25957,teresopolis,RJ
eeb6de78f79159600292e314a77cbd18,2017,0,56,88501,lages,SC
ef0ace09169ac090589d85746e3e036f,2017,0,18,24451,sao goncalo,RJ
ef506c96320abeedfb894c34db06f478,2017,19,222,3569,sao paulo,SP
efcd8d2104f1a05d028af7bad20d974b,2017,1,23,16012,aracatuba,SP
f0b47fbbc6dee9aafe415a6e33051b3f,2017,2,9,9360,maua,SP
f214d28e8d8e3ef068748498ccc2f813,2017,4,16,3872,sao paulo,SP
f262cbc1c910c83959f849465454ddd3,2017,3,18,3564,sao paulo,SP
f27e33c6d29b5138fa9967bcd445b6d5,2017,7,44,4273,sao paulo,SP
f3b80352b986ab4d1057a4b724be19d0,2017,0,54,71200,brasilia,DF
f3da5b2ff499efb8d4a6d371d175d7dd,2017,6,9,2407,sao paulo,SP
f45122a9ab94eb4f3f8953578bc0c560,2017,9,120,13419,piracicaba,SP
f5a590cf36251cf1162ea35bef76fe84,2017,7,34,9720,sao bernardo do campo,SP
f61c63d13f7cd800549d5acdd390ae72,2017,0,10,18185,pilar do sul,SP
f680f85bee2d253556ac91be391d2c82,2017,0,20,6365,carapicuiba,SP
f7496d659ca9fdaf323c0aae84176632,2017,1,10,4156,sao paulo,SP
f7720c4fa8e3aba4546301ab80ea1f1b,2017,1,13,81350,curitiba,PR
f789d2c4f2c2eb38fc4373e7a4b35264,2017,0,12,36010,juiz de fora,MG
f7ba60f8c3f99e7ee4042fdef03b70c4,2017,6,36,9628,sao bernardo do campo,SP
f80edd2c5aaa505cc4b0a3b219abf4b8,2017,2,29,3431,sao paulo,SP
f84a00e60c73a49e7e851c9bdca3a5bb,2017,1,34,20756,rio de janeiro,RJ
f8db351d8c4c4c22c6835c19a46f01b0,2017,16,376,13324,salto,SP
fa1a9dec3a9940c072684a46728bf1fc,2017,0,31,88820,icara,SC
fa1c13f2614d7b5c4749cbc52fecda94,2017,20,262,13170,sumare,SP
fa40cc5b934574b62717c68f3d678b6d,2017,11,217,2310,sao paulo,SP
fcb5ace8bcc92f75707dc0f01a27d269,2017,1,13,7032,guarulhos,SP
fdb9095204a334cd8872252ffec6f2db,2017,0,27,3331,sao paulo,SP
fe2032dab1a61af8794248c8196565c9,2017,13,148,13030,campinas,SP
febab0275244b9a49a623f0bd613ca2f,2017,2,57,13920,pedreira,SP
ff063b022a9a0aab91bad2c9088760b7,2017,1,25,9171,santo andre,SP
fffd5413c0700ac820c7069d66d98c89,2017,2,14,13908,amparo,SP
